x,L,u,e,tau_xx,tau_yy,tau_zz
0,1,1,1,1,0.5,0
0.000999,0.99965,1.0016,0.99877,0.96001,0.44008,-0.041581
0.001998,0.99931,1.0032,0.99753,0.92388,0.38621,-0.079291
0.002997,0.99897,1.0048,0.99629,0.89128,0.3378,-0.11348
0.003996,0.99864,1.0064,0.99505,0.86189,0.29435,-0.14446
0.004995,0.99831,1.0079,0.9938,0.83536,0.25526,-0.17258
0.005994,0.99799,1.0095,0.99256,0.81143,0.22012,-0.1981
0.006993,0.99767,1.0111,0.99131,0.78986,0.18852,-0.22127
0.007992,0.99735,1.0127,0.99006,0.77035,0.15999,-0.24237
0.008991,0.99704,1.0143,0.98881,0.7528,0.13436,-0.26152
0.00999,0.99673,1.0159,0.98757,0.73691,0.11116,-0.279
0.010989,0.99642,1.0175,0.98632,0.72261,0.090269,-0.29491
0.011988,0.99611,1.0191,0.98507,0.7097,0.071389,-0.30942
0.012987,0.99581,1.0207,0.98382,0.69809,0.054381,-0.32263
0.013986,0.9955,1.0223,0.98257,0.68764,0.039017,-0.33469
0.014985,0.9952,1.0239,0.98132,0.67826,0.025166,-0.34569
0.015984,0.9949,1.0256,0.98008,0.66982,0.012644,-0.35573
0.016983,0.9946,1.0272,0.97883,0.66225,0.0013341,-0.36492
0.017982,0.99431,1.0288,0.97759,0.65547,-0.008889,-0.37331
0.018981,0.99401,1.0304,0.97634,0.64941,-0.018134,-0.381
0.01998,0.99371,1.032,0.9751,0.64399,-0.026495,-0.38804
0.020979,0.99342,1.0337,0.97385,0.63915,-0.034063,-0.3945
0.021978,0.99312,1.0353,0.97261,0.63485,-0.040918,-0.40043
0.022977,0.99283,1.0369,0.97137,0.63103,-0.047127,-0.40588
0.023976,0.99254,1.0385,0.97013,0.62765,-0.052759,-0.41089
0.024975,0.99224,1.0402,0.9689,0.62466,-0.057868,-0.41551
0.025974,0.99195,1.0418,0.96766,0.62204,-0.062504,-0.41977
0.026973,0.99166,1.0434,0.96642,0.61974,-0.066717,-0.42371
0.027972,0.99137,1.0451,0.96519,0.61774,-0.070543,-0.42735
0.028971,0.99107,1.0467,0.96396,0.61601,-0.074022,-0.43072
0.02997,0.99078,1.0484,0.96272,0.61453,-0.077188,-0.43386
0.030969,0.99049,1.05,0.96149,0.61327,-0.080069,-0.43676
0.031968,0.9902,1.0517,0.96027,0.61221,-0.082695,-0.43947
0.032967,0.98991,1.0533,0.95904,0.61134,-0.08509,-0.442
0.033966,0.98962,1.055,0.95781,0.61064,-0.087276,-0.44436
0.034965,0.98933,1.0567,0.95659,0.61009,-0.089275,-0.44657
0.035964,0.98904,1.0583,0.95537,0.60967,-0.091102,-0.44865
0.036963,0.98875,1.06,0.95414,0.60939,-0.092777,-0.4506
0.037962,0.98846,1.0617,0.95292,0.60921,-0.094313,-0.45244
0.038961,0.98817,1.0633,0.95171,0.60915,-0.095726,-0.45418
0.03996,0.98788,1.065,0.95049,0.60917,-0.097028,-0.45583
0.040959,0.98759,1.0667,0.94927,0.60928,-0.098227,-0.4574
0.041958,0.9873,1.0684,0.94806,0.60947,-0.099331,-0.45889
0.042957,0.98701,1.07,0.94685,0.60973,-0.10035,-0.46031
0.043956,0.98672,1.0717,0.94564,0.61006,-0.1013,-0.46167
0.044955,0.98643,1.0734,0.94443,0.61044,-0.10217,-0.46297
0.045954,0.98614,1.0751,0.94322,0.61089,-0.10299,-0.46422
0.046953,0.98585,1.0768,0.94201,0.61138,-0.10373,-0.46541
0.047952,0.98556,1.0785,0.94081,0.61192,-0.10444,-0.46657
0.048951,0.98527,1.0802,0.9396,0.6125,-0.10509,-0.46769
0.04995,0.98498,1.0819,0.9384,0.61312,-0.10571,-0.46877
0.050949,0.98469,1.0836,0.9372,0.61377,-0.10628,-0.46982
0.051948,0.9844,1.0853,0.936,0.61446,-0.10681,-0.47084
0.052947,0.98411,1.087,0.93481,0.61517,-0.10732,-0.47184
0.053946,0.98382,1.0887,0.93361,0.61591,-0.1078,-0.47281
0.054945,0.98354,1.0904,0.93242,0.61668,-0.10825,-0.47376
0.055944,0.98325,1.0922,0.93122,0.61747,-0.10868,-0.47469
0.056943,0.98296,1.0939,0.93003,0.61828,-0.10909,-0.4756
0.057942,0.98267,1.0956,0.92884,0.6191,-0.10948,-0.47649
0.058941,0.98238,1.0973,0.92765,0.61995,-0.10985,-0.47738
0.05994,0.98209,1.0991,0.92647,0.62081,-0.11021,-0.47824
0.060939,0.9818,1.1008,0.92528,0.62168,-0.11055,-0.4791
0.061938,0.98151,1.1025,0.9241,0.62257,-0.11088,-0.47995
0.062937,0.98122,1.1043,0.92292,0.62347,-0.1112,-0.48079
0.063936,0.98093,1.106,0.92174,0.62438,-0.11151,-0.48162
0.064935,0.98064,1.1077,0.92056,0.6253,-0.11181,-0.48244
0.065934,0.98036,1.1095,0.91938,0.62623,-0.11211,-0.48326
0.066933,0.98007,1.1112,0.9182,0.62717,-0.11239,-0.48407
0.067932,0.97978,1.113,0.91703,0.62811,-0.11267,-0.48487
0.068931,0.97949,1.1147,0.91586,0.62906,-0.11295,-0.48567
0.06993,0.9792,1.1165,0.91469,0.63003,-0.11321,-0.48647
0.070929,0.97891,1.1183,0.91352,0.631,-0.11347,-0.48726
0.071928,0.97862,1.12,0.91235,0.63197,-0.11373,-0.48804
0.072927,0.97833,1.1218,0.91118,0.63295,-0.11398,-0.48883
0.073926,0.97805,1.1236,0.91001,0.63394,-0.11423,-0.48961
0.074925,0.97776,1.1253,0.90885,0.63493,-0.11448,-0.49039
0.075924,0.97747,1.1271,0.90769,0.63593,-0.11472,-0.49117
0.076923,0.97718,1.1289,0.90653,0.63693,-0.11496,-0.49195
0.077922,0.97689,1.1307,0.90537,0.63794,-0.11519,-0.49272
0.078921,0.9766,1.1324,0.90421,0.63895,-0.11542,-0.49349
0.07992,0.97631,1.1342,0.90305,0.63997,-0.11564,-0.49425
0.080919,0.97602,1.136,0.9019,0.64099,-0.11587,-0.49502
0.081918,0.97574,1.1378,0.90074,0.64201,-0.1161,-0.49579
0.082917,0.97545,1.1396,0.89959,0.64304,-0.11632,-0.49656
0.083916,0.97516,1.1414,0.89844,0.64407,-0.11654,-0.49732
0.084915,0.97487,1.1432,0.89729,0.64511,-0.11676,-0.49809
0.085914,0.97458,1.145,0.89614,0.64615,-0.11698,-0.49885
0.086913,0.97429,1.1468,0.895,0.64719,-0.11719,-0.49961
0.087912,0.97401,1.1486,0.89385,0.64823,-0.11741,-0.50038
0.088911,0.97372,1.1504,0.89271,0.64928,-0.11763,-0.50114
0.08991,0.97343,1.1522,0.89157,0.65033,-0.11784,-0.5019
0.090909,0.97314,1.1541,0.89043,0.65138,-0.11805,-0.50267
0.091908,0.97285,1.1559,0.88929,0.65244,-0.11827,-0.50343
0.092907,0.97256,1.1577,0.88815,0.6535,-0.11848,-0.5042
0.093906,0.97228,1.1595,0.88702,0.65456,-0.11869,-0.50496
0.094905,0.97199,1.1614,0.88588,0.65562,-0.11891,-0.50573
0.095904,0.9717,1.1632,0.88475,0.65669,-0.11912,-0.5065
0.096903,0.97141,1.165,0.88362,0.65776,-0.11933,-0.50726
0.097902,0.97112,1.1669,0.88249,0.65882,-0.11955,-0.50803
0.098901,0.97083,1.1687,0.88136,0.6599,-0.11976,-0.5088
0.0999,0.97055,1.1705,0.88023,0.66097,-0.11997,-0.50957
0.1009,0.97026,1.1724,0.87911,0.66204,-0.12019,-0.51035
0.1019,0.96997,1.1742,0.87798,0.66312,-0.1204,-0.51112
0.1029,0.96968,1.1761,0.87686,0.6642,-0.12062,-0.51189
0.1039,0.96939,1.1779,0.87574,0.66528,-0.12083,-0.51267
0.1049,0.96911,1.1798,0.87462,0.66636,-0.12105,-0.51344
0.10589,0.96882,1.1817,0.8735,0.66745,-0.12127,-0.51422
0.10689,0.96853,1.1835,0.87238,0.66853,-0.12148,-0.515
0.10789,0.96824,1.1854,0.87127,0.66962,-0.1217,-0.51578
0.10889,0.96795,1.1873,0.87015,0.67071,-0.12192,-0.51656
0.10989,0.96766,1.1891,0.86904,0.67181,-0.12213,-0.51734
0.11089,0.96738,1.191,0.86793,0.6729,-0.12235,-0.51812
0.11189,0.96709,1.1929,0.86682,0.67399,-0.12257,-0.51891
0.11289,0.9668,1.1948,0.86571,0.67509,-0.12279,-0.5197
0.11389,0.96651,1.1967,0.8646,0.67619,-0.12302,-0.52049
0.11489,0.96623,1.1986,0.8635,0.67729,-0.12324,-0.52127
0.11588,0.96594,1.2005,0.86239,0.67839,-0.12346,-0.52206
0.11688,0.96565,1.2024,0.86129,0.67949,-0.12368,-0.52286
0.11788,0.96536,1.2042,0.86019,0.6806,-0.1239,-0.52365
0.11888,0.96507,1.2061,0.85909,0.68171,-0.12413,-0.52444
0.11988,0.96479,1.2081,0.85799,0.68282,-0.12435,-0.52523
0.12088,0.9645,1.21,0.85689,0.68393,-0.12457,-0.52603
0.12188,0.96421,1.2119,0.8558,0.68505,-0.12479,-0.52682
0.12288,0.96392,1.2138,0.8547,0.68617,-0.12501,-0.52762
0.12388,0.96364,1.2157,0.85361,0.68729,-0.12523,-0.52842
0.12488,0.96335,1.2176,0.85252,0.68841,-0.12545,-0.52921
0.12587,0.96306,1.2195,0.85143,0.68954,-0.12567,-0.53001
0.12687,0.96277,1.2215,0.85034,0.69066,-0.12589,-0.53081
0.12787,0.96249,1.2234,0.84925,0.69179,-0.12612,-0.53161
0.12887,0.9622,1.2253,0.84817,0.69292,-0.12634,-0.53242
0.12987,0.96191,1.2273,0.84708,0.69405,-0.12657,-0.53322
0.13087,0.96162,1.2292,0.846,0.69518,-0.12679,-0.53403
0.13187,0.96134,1.2312,0.84492,0.69631,-0.12702,-0.53484
0.13287,0.96105,1.2331,0.84384,0.69745,-0.12724,-0.53564
0.13387,0.96076,1.235,0.84276,0.69859,-0.12747,-0.53645
0.13487,0.96047,1.237,0.84168,0.69973,-0.12769,-0.53726
0.13586,0.96019,1.2389,0.8406,0.70088,-0.12792,-0.53807
0.13686,0.9599,1.2409,0.83953,0.70202,-0.12814,-0.53889
0.13786,0.95961,1.2429,0.83846,0.70317,-0.12837,-0.5397
0.13886,0.95932,1.2448,0.83738,0.70432,-0.12859,-0.54051
0.13986,0.95904,1.2468,0.83631,0.70548,-0.12881,-0.54132
0.14086,0.95875,1.2488,0.83524,0.70663,-0.12904,-0.54214
0.14186,0.95846,1.2507,0.83418,0.70779,-0.12926,-0.54295
0.14286,0.95817,1.2527,0.83311,0.70895,-0.12948,-0.54377
0.14386,0.95789,1.2547,0.83204,0.71011,-0.12971,-0.54459
0.14486,0.9576,1.2567,0.83098,0.71128,-0.12994,-0.54541
0.14585,0.95731,1.2587,0.82992,0.71244,-0.13016,-0.54623
0.14685,0.95703,1.2607,0.82886,0.71361,-0.13039,-0.54705
0.14785,0.95674,1.2627,0.8278,0.71478,-0.13062,-0.54787
0.14885,0.95645,1.2646,0.82674,0.71595,-0.13085,-0.5487
0.14985,0.95616,1.2666,0.82568,0.71712,-0.13107,-0.54952
0.15085,0.95588,1.2686,0.82463,0.7183,-0.1313,-0.55035
0.15185,0.95559,1.2707,0.82357,0.71948,-0.13153,-0.55118
0.15285,0.9553,1.2727,0.82252,0.72066,-0.13176,-0.55201
0.15385,0.95502,1.2747,0.82147,0.72184,-0.13199,-0.55284
0.15485,0.95473,1.2767,0.82042,0.72302,-0.13222,-0.55367
0.15584,0.95444,1.2787,0.81937,0.72421,-0.13245,-0.5545
0.15684,0.95415,1.2807,0.81832,0.72539,-0.13268,-0.55534
0.15784,0.95387,1.2828,0.81727,0.72658,-0.13291,-0.55617
0.15884,0.95358,1.2848,0.81623,0.72778,-0.13314,-0.55701
0.15984,0.95329,1.2868,0.81519,0.72897,-0.13338,-0.55785
0.16084,0.95301,1.2889,0.81414,0.73017,-0.13361,-0.55869
0.16184,0.95272,1.2909,0.8131,0.73136,-0.13384,-0.55953
0.16284,0.95243,1.2929,0.81206,0.73256,-0.13408,-0.56037
0.16384,0.95215,1.295,0.81102,0.73377,-0.13431,-0.56121
0.16484,0.95186,1.297,0.80999,0.73497,-0.13455,-0.56206
0.16583,0.95157,1.2991,0.80895,0.73618,-0.13478,-0.5629
0.16683,0.95129,1.3011,0.80792,0.73738,-0.13502,-0.56375
0.16783,0.951,1.3032,0.80688,0.73859,-0.13525,-0.5646
0.16883,0.95071,1.3053,0.80585,0.7398,-0.13549,-0.56545
0.16983,0.95043,1.3073,0.80482,0.74102,-0.13573,-0.5663
0.17083,0.95014,1.3094,0.80379,0.74223,-0.13597,-0.56715
0.17183,0.94985,1.3115,0.80277,0.74345,-0.13621,-0.56801
0.17283,0.94957,1.3135,0.80174,0.74467,-0.13645,-0.56886
0.17383,0.94928,1.3156,0.80072,0.74589,-0.13669,-0.56972
0.17483,0.94899,1.3177,0.79969,0.74711,-0.13693,-0.57058
0.17582,0.94871,1.3198,0.79867,0.74834,-0.13717,-0.57144
0.17682,0.94842,1.3219,0.79765,0.74957,-0.13741,-0.5723
0.17782,0.94813,1.324,0.79663,0.7508,-0.13765,-0.57316
0.17882,0.94785,1.3261,0.79561,0.75203,-0.1379,-0.57403
0.17982,0.94756,1.3282,0.79459,0.75326,-0.13814,-0.57489
0.18082,0.94727,1.3303,0.79358,0.7545,-0.13838,-0.57576
0.18182,0.94699,1.3324,0.79256,0.75573,-0.13863,-0.57663
0.18282,0.9467,1.3345,0.79155,0.75697,-0.13887,-0.5775
0.18382,0.94642,1.3366,0.79054,0.75822,-0.13912,-0.57837
0.18482,0.94613,1.3387,0.78953,0.75946,-0.13936,-0.57924
0.18581,0.94584,1.3408,0.78852,0.7607,-0.13961,-0.58011
0.18681,0.94556,1.3429,0.78751,0.76195,-0.13986,-0.58099
0.18781,0.94527,1.3451,0.7865,0.7632,-0.1401,-0.58186
0.18881,0.94498,1.3472,0.7855,0.76445,-0.14035,-0.58274
0.18981,0.9447,1.3493,0.78449,0.76571,-0.1406,-0.58362
0.19081,0.94441,1.3515,0.78349,0.76697,-0.14085,-0.5845
0.19181,0.94413,1.3536,0.78249,0.76822,-0.1411,-0.58538
0.19281,0.94384,1.3557,0.78149,0.76948,-0.14135,-0.58627
0.19381,0.94355,1.3579,0.78049,0.77075,-0.1416,-0.58715
0.19481,0.94327,1.36,0.77949,0.77201,-0.14185,-0.58803
0.1958,0.94298,1.3622,0.7785,0.77328,-0.1421,-0.58892
0.1968,0.94269,1.3644,0.7775,0.77455,-0.14235,-0.58981
0.1978,0.94241,1.3665,0.77651,0.77582,-0.1426,-0.5907
0.1988,0.94212,1.3687,0.77551,0.77709,-0.14285,-0.59159
0.1998,0.94184,1.3709,0.77452,0.77837,-0.1431,-0.59248
0.2008,0.94155,1.373,0.77353,0.77965,-0.14336,-0.59338
0.2018,0.94126,1.3752,0.77254,0.78093,-0.14361,-0.59427
0.2028,0.94098,1.3774,0.77156,0.78221,-0.14386,-0.59517
0.2038,0.94069,1.3796,0.77057,0.78349,-0.14412,-0.59606
0.2048,0.94041,1.3817,0.76959,0.78478,-0.14437,-0.59696
0.20579,0.94012,1.3839,0.7686,0.78607,-0.14462,-0.59786
0.20679,0.93984,1.3861,0.76762,0.78736,-0.14488,-0.59876
0.20779,0.93955,1.3883,0.76664,0.78866,-0.14513,-0.59966
0.20879,0.93926,1.3905,0.76566,0.78995,-0.14539,-0.60057
0.20979,0.93898,1.3927,0.76468,0.79125,-0.14564,-0.60147
0.21079,0.93869,1.3949,0.7637,0.79255,-0.1459,-0.60238
0.21179,0.93841,1.3971,0.76273,0.79385,-0.14616,-0.60329
0.21279,0.93812,1.3994,0.76175,0.79516,-0.14642,-0.6042
0.21379,0.93783,1.4016,0.76078,0.79646,-0.14668,-0.60511
0.21479,0.93755,1.4038,0.7598,0.79777,-0.14694,-0.60603
0.21578,0.93726,1.406,0.75883,0.79908,-0.1472,-0.60694
0.21678,0.93698,1.4083,0.75786,0.80039,-0.14746,-0.60786
0.21778,0.93669,1.4105,0.75689,0.80171,-0.14772,-0.60878
0.21878,0.93641,1.4127,0.75593,0.80302,-0.14799,-0.60969
0.21978,0.93612,1.415,0.75496,0.80434,-0.14825,-0.61061
0.22078,0.93584,1.4172,0.754,0.80567,-0.14851,-0.61154
0.22178,0.93555,1.4194,0.75303,0.80699,-0.14877,-0.61246
0.22278,0.93526,1.4217,0.75207,0.80832,-0.14904,-0.61338
0.22378,0.93498,1.424,0.75111,0.80964,-0.1493,-0.61431
0.22478,0.93469,1.4262,0.75015,0.81098,-0.14957,-0.61523
0.22577,0.93441,1.4285,0.74919,0.81231,-0.14983,-0.61616
0.22677,0.93412,1.4307,0.74823,0.81365,-0.15009,-0.61709
0.22777,0.93384,1.433,0.74728,0.81498,-0.15036,-0.61802
0.22877,0.93355,1.4353,0.74632,0.81633,-0.15062,-0.61895
0.22977,0.93327,1.4376,0.74537,0.81767,-0.15089,-0.61989
0.23077,0.93298,1.4398,0.74441,0.81901,-0.15116,-0.62082
0.23177,0.9327,1.4421,0.74346,0.82036,-0.15142,-0.62176
0.23277,0.93241,1.4444,0.74251,0.82171,-0.15169,-0.62269
0.23377,0.93213,1.4467,0.74156,0.82307,-0.15195,-0.62363
0.23477,0.93184,1.449,0.74061,0.82442,-0.15222,-0.62457
0.23576,0.93156,1.4513,0.73967,0.82578,-0.15249,-0.62551
0.23676,0.93127,1.4536,0.73872,0.82714,-0.15276,-0.62645
0.23776,0.93099,1.4559,0.73778,0.82851,-0.15302,-0.62739
0.23876,0.9307,1.4582,0.73684,0.82987,-0.15329,-0.62833
0.23976,0.93042,1.4605,0.73589,0.83124,-0.15356,-0.62928
0.24076,0.93013,1.4628,0.73495,0.83261,-0.15383,-0.63022
0.24176,0.92985,1.4652,0.73401,0.83399,-0.15409,-0.63117
0.24276,0.92956,1.4675,0.73308,0.83537,-0.15436,-0.63212
0.24376,0.92928,1.4698,0.73214,0.83675,-0.15463,-0.63307
0.24476,0.92899,1.4721,0.7312,0.83813,-0.1549,-0.63402
0.24575,0.92871,1.4745,0.73027,0.83951,-0.15517,-0.63497
0.24675,0.92842,1.4768,0.72934,0.8409,-0.15544,-0.63592
0.24775,0.92814,1.4792,0.7284,0.84229,-0.15571,-0.63688
0.24875,0.92785,1.4815,0.72747,0.84367,-0.15599,-0.63784
0.24975,0.92757,1.4839,0.72654,0.84507,-0.15626,-0.6388
0.25075,0.92728,1.4862,0.72561,0.84646,-0.15653,-0.63976
0.25175,0.927,1.4886,0.72469,0.84786,-0.15681,-0.64072
0.25275,0.92671,1.4909,0.72376,0.84926,-0.15708,-0.64169
0.25375,0.92643,1.4933,0.72283,0.85066,-0.15736,-0.64265
0.25475,0.92614,1.4957,0.72191,0.85206,-0.15763,-0.64362
0.25574,0.92586,1.4981,0.72099,0.85347,-0.15791,-0.64459
0.25674,0.92557,1.5004,0.72007,0.85488,-0.15819,-0.64556
0.25774,0.92529,1.5028,0.71915,0.85629,-0.15846,-0.64653
0.25874,0.925,1.5052,0.71823,0.8577,-0.15874,-0.6475
0.25974,0.92472,1.5076,0.71731,0.85912,-0.15902,-0.64847
0.26074,0.92443,1.51,0.71639,0.86054,-0.1593,-0.64945
0.26174,0.92415,1.5124,0.71548,0.86196,-0.15958,-0.65042
0.26274,0.92386,1.5148,0.71456,0.86338,-0.15986,-0.6514
0.26374,0.92358,1.5172,0.71365,0.86481,-0.16014,-0.65238
0.26474,0.9233,1.5196,0.71274,0.86624,-0.16042,-0.65336
0.26573,0.92301,1.522,0.71183,0.86767,-0.1607,-0.65434
0.26673,0.92273,1.5244,0.71092,0.86911,-0.16098,-0.65533
0.26773,0.92244,1.5269,0.71001,0.87054,-0.16126,-0.65631
0.26873,0.92216,1.5293,0.7091,0.87198,-0.16154,-0.6573
0.26973,0.92187,1.5317,0.70819,0.87342,-0.16182,-0.65828
0.27073,0.92159,1.5341,0.70729,0.87487,-0.16211,-0.65927
0.27173,0.9213,1.5366,0.70638,0.87632,-0.16239,-0.66026
0.27273,0.92102,1.539,0.70548,0.87777,-0.16267,-0.66126
0.27373,0.92074,1.5415,0.70458,0.87922,-0.16296,-0.66225
0.27473,0.92045,1.5439,0.70368,0.88067,-0.16324,-0.66324
0.27572,0.92017,1.5464,0.70278,0.88213,-0.16353,-0.66424
0.27672,0.91988,1.5488,0.70188,0.88359,-0.16381,-0.66524
0.27772,0.9196,1.5513,0.70099,0.88505,-0.1641,-0.66623
0.27872,0.91932,1.5538,0.70009,0.88652,-0.16438,-0.66723
0.27972,0.91903,1.5562,0.69919,0.88799,-0.16467,-0.66824
0.28072,0.91875,1.5587,0.6983,0.88946,-0.16496,-0.66924
0.28172,0.91846,1.5612,0.69741,0.89093,-0.16524,-0.67024
0.28272,0.91818,1.5637,0.69652,0.89241,-0.16553,-0.67125
0.28372,0.91789,1.5661,0.69563,0.89388,-0.16582,-0.67226
0.28472,0.91761,1.5686,0.69474,0.89536,-0.16611,-0.67326
0.28571,0.91733,1.5711,0.69385,0.89685,-0.1664,-0.67428
0.28671,0.91704,1.5736,0.69296,0.89833,-0.16669,-0.67529
0.28771,0.91676,1.5761,0.69208,0.89982,-0.16698,-0.6763
0.28871,0.91647,1.5786,0.69119,0.90131,-0.16728,-0.67732
0.28971,0.91619,1.5811,0.69031,0.9028,-0.16757,-0.67834
0.29071,0.91591,1.5837,0.68943,0.9043,-0.16786,-0.67935
0.29171,0.91562,1.5862,0.68855,0.9058,-0.16815,-0.68037
0.29271,0.91534,1.5887,0.68767,0.9073,-0.16845,-0.6814
0.29371,0.91506,1.5912,0.68679,0.9088,-0.16874,-0.68242
0.29471,0.91477,1.5937,0.68591,0.91031,-0.16904,-0.68344
0.2957,0.91449,1.5963,0.68503,0.91181,-0.16934,-0.68447
0.2967,0.9142,1.5988,0.68416,0.91332,-0.16963,-0.6855
0.2977,0.91392,1.6014,0.68328,0.91484,-0.16993,-0.68653
0.2987,0.91364,1.6039,0.68241,0.91635,-0.17023,-0.68756
0.2997,0.91335,1.6065,0.68154,0.91787,-0.17053,-0.68859
0.3007,0.91307,1.609,0.68067,0.91939,-0.17082,-0.68963
0.3017,0.91279,1.6116,0.6798,0.92092,-0.17112,-0.69066
0.3027,0.9125,1.6141,0.67893,0.92244,-0.17142,-0.6917
0.3037,0.91222,1.6167,0.67806,0.92397,-0.17172,-0.69274
0.3047,0.91194,1.6193,0.67719,0.9255,-0.17203,-0.69378
0.30569,0.91165,1.6219,0.67633,0.92704,-0.17233,-0.69482
0.30669,0.91137,1.6244,0.67546,0.92857,-0.17263,-0.69587
0.30769,0.91108,1.627,0.6746,0.93011,-0.17293,-0.69691
0.30869,0.9108,1.6296,0.67374,0.93165,-0.17324,-0.69796
0.30969,0.91052,1.6322,0.67288,0.9332,-0.17354,-0.69901
0.31069,0.91023,1.6348,0.67202,0.93474,-0.17385,-0.70006
0.31169,0.90995,1.6374,0.67116,0.93629,-0.17416,-0.70111
0.31269,0.90967,1.64,0.6703,0.93784,-0.17446,-0.70217
0.31369,0.90938,1.6426,0.66944,0.9394,-0.17477,-0.70322
0.31469,0.9091,1.6452,0.66859,0.94096,-0.17508,-0.70428
0.31568,0.90882,1.6479,0.66773,0.94252,-0.17539,-0.70534
0.31668,0.90853,1.6505,0.66688,0.94408,-0.1757,-0.7064
0.31768,0.90825,1.6531,0.66603,0.94564,-0.17601,-0.70746
0.31868,0.90797,1.6557,0.66518,0.94721,-0.17632,-0.70853
0.31968,0.90768,1.6584,0.66433,0.94878,-0.17663,-0.7096
0.32068,0.9074,1.661,0.66348,0.95035,-0.17694,-0.71066
0.32168,0.90712,1.6637,0.66263,0.95193,-0.17726,-0.71173
0.32268,0.90684,1.6663,0.66178,0.95351,-0.17757,-0.7128
0.32368,0.90655,1.669,0.66094,0.95509,-0.17788,-0.71387
0.32468,0.90627,1.6716,0.66009,0.95667,-0.17819,-0.71495
0.32567,0.90599,1.6743,0.65925,0.95826,-0.17851,-0.71602
0.32667,0.9057,1.6769,0.65841,0.95985,-0.17882,-0.7171
0.32767,0.90542,1.6796,0.65757,0.96144,-0.17914,-0.71818
0.32867,0.90514,1.6823,0.65672,0.96304,-0.17945,-0.71926
0.32967,0.90485,1.685,0.65589,0.96463,-0.17977,-0.72034
0.33067,0.90457,1.6877,0.65505,0.96623,-0.18009,-0.72142
0.33167,0.90429,1.6903,0.65421,0.96784,-0.18041,-0.72251
0.33267,0.90401,1.693,0.65337,0.96944,-0.18072,-0.72359
0.33367,0.90372,1.6957,0.65254,0.97105,-0.18104,-0.72468
0.33467,0.90344,1.6984,0.65171,0.97266,-0.18136,-0.72577
0.33566,0.90316,1.7011,0.65087,0.97428,-0.18168,-0.72686
0.33666,0.90287,1.7039,0.65004,0.9759,-0.182,-0.72796
0.33766,0.90259,1.7066,0.64921,0.97752,-0.18233,-0.72905
0.33866,0.90231,1.7093,0.64838,0.97914,-0.18265,-0.73015
0.33966,0.90203,1.712,0.64755,0.98076,-0.18297,-0.73125
0.34066,0.90174,1.7147,0.64672,0.98239,-0.18329,-0.73235
0.34166,0.90146,1.7175,0.6459,0.98402,-0.18362,-0.73345
0.34266,0.90118,1.7202,0.64507,0.98566,-0.18394,-0.73455
0.34366,0.9009,1.7229,0.64425,0.98729,-0.18427,-0.73566
0.34466,0.90061,1.7257,0.64342,0.98893,-0.18459,-0.73676
0.34565,0.90033,1.7284,0.6426,0.99057,-0.18492,-0.73787
0.34665,0.90005,1.7312,0.64178,0.99222,-0.18525,-0.73898
0.34765,0.89977,1.734,0.64096,0.99387,-0.18558,-0.74009
0.34865,0.89948,1.7367,0.64014,0.99552,-0.1859,-0.74121
0.34965,0.8992,1.7395,0.63932,0.99717,-0.18623,-0.74232
0.35065,0.89892,1.7423,0.63851,0.99883,-0.18656,-0.74344
0.35165,0.89864,1.745,0.63769,1.0005,-0.18689,-0.74456
0.35265,0.89835,1.7478,0.63687,1.0021,-0.18722,-0.74568
0.35365,0.89807,1.7506,0.63606,1.0038,-0.18756,-0.7468
0.35465,0.89779,1.7534,0.63525,1.0055,-0.18789,-0.74793
0.35564,0.89751,1.7562,0.63444,1.0072,-0.18822,-0.74905
0.35664,0.89722,1.759,0.63362,1.0088,-0.18855,-0.75018
0.35764,0.89694,1.7618,0.63282,1.0105,-0.18889,-0.75131
0.35864,0.89666,1.7646,0.63201,1.0122,-0.18922,-0.75244
0.35964,0.89638,1.7674,0.6312,1.0139,-0.18956,-0.75357
0.36064,0.8961,1.7702,0.63039,1.0155,-0.18989,-0.7547
0.36164,0.89581,1.7731,0.62959,1.0172,-0.19023,-0.75584
0.36264,0.89553,1.7759,0.62878,1.0189,-0.19056,-0.75697
0.36364,0.89525,1.7787,0.62798,1.0206,-0.1909,-0.75811
0.36464,0.89497,1.7816,0.62718,1.0223,-0.19124,-0.75925
0.36563,0.89469,1.7844,0.62637,1.024,-0.19158,-0.76039
0.36663,0.8944,1.7873,0.62557,1.0257,-0.19191,-0.76154
0.36763,0.89412,1.7901,0.62477,1.0274,-0.19225,-0.76268
0.36863,0.89384,1.793,0.62398,1.0291,-0.19259,-0.76383
0.36963,0.89356,1.7958,0.62318,1.0309,-0.19293,-0.76498
0.37063,0.89328,1.7987,0.62238,1.0326,-0.19327,-0.76613
0.37163,0.89299,1.8016,0.62159,1.0343,-0.19361,-0.76728
0.37263,0.89271,1.8044,0.62079,1.036,-0.19396,-0.76843
0.37363,0.89243,1.8073,0.62,1.0377,-0.1943,-0.76959
0.37463,0.89215,1.8102,0.61921,1.0395,-0.19464,-0.77074
0.37562,0.89187,1.8131,0.61841,1.0412,-0.19498,-0.7719
0.37662,0.89158,1.816,0.61762,1.0429,-0.19533,-0.77306
0.37762,0.8913,1.8189,0.61683,1.0447,-0.19567,-0.77422
0.37862,0.89102,1.8218,0.61605,1.0464,-0.19602,-0.77539
0.37962,0.89074,1.8247,0.61526,1.0481,-0.19636,-0.77655
0.38062,0.89046,1.8276,0.61447,1.0499,-0.19671,-0.77772
0.38162,0.89018,1.8305,0.61369,1.0516,-0.19705,-0.77889
0.38262,0.88989,1.8335,0.6129,1.0534,-0.1974,-0.78006
0.38362,0.88961,1.8364,0.61212,1.0552,-0.19775,-0.78123
0.38462,0.88933,1.8393,0.61134,1.0569,-0.1981,-0.7824
0.38561,0.88905,1.8422,0.61056,1.0587,-0.19844,-0.78358
0.38661,0.88877,1.8452,0.60978,1.0604,-0.19879,-0.78475
0.38761,0.88849,1.8481,0.609,1.0622,-0.19914,-0.78593
0.38861,0.88821,1.8511,0.60822,1.064,-0.19949,-0.78711
0.38961,0.88792,1.854,0.60744,1.0658,-0.19984,-0.78829
0.39061,0.88764,1.857,0.60666,1.0675,-0.20019,-0.78947
0.39161,0.88736,1.86,0.60589,1.0693,-0.20054,-0.79066
0.39261,0.88708,1.8629,0.60511,1.0711,-0.20089,-0.79184
0.39361,0.8868,1.8659,0.60434,1.0729,-0.20125,-0.79303
0.39461,0.88652,1.8689,0.60357,1.0747,-0.2016,-0.79422
0.3956,0.88624,1.8719,0.6028,1.0765,-0.20195,-0.79541
0.3966,0.88596,1.8749,0.60203,1.0783,-0.20231,-0.7966
0.3976,0.88567,1.8779,0.60126,1.0801,-0.20266,-0.7978
0.3986,0.88539,1.8809,0.60049,1.0819,-0.20302,-0.799
0.3996,0.88511,1.8839,0.59972,1.0837,-0.20337,-0.80019
0.4006,0.88483,1.8869,0.59895,1.0855,-0.20373,-0.80139
0.4016,0.88455,1.8899,0.59819,1.0873,-0.20409,-0.8026
0.4026,0.88427,1.8929,0.59742,1.0891,-0.20444,-0.8038
0.4036,0.88399,1.8959,0.59666,1.0909,-0.2048,-0.80501
0.4046,0.88371,1.899,0.5959,1.0928,-0.20516,-0.80621
0.40559,0.88343,1.902,0.59514,1.0946,-0.20552,-0.80742
0.40659,0.88314,1.9051,0.59438,1.0964,-0.20588,-0.80863
0.40759,0.88286,1.9081,0.59362,1.0983,-0.20624,-0.80984
0.40859,0.88258,1.9112,0.59286,1.1001,-0.2066,-0.81106
0.40959,0.8823,1.9142,0.5921,1.1019,-0.20696,-0.81227
0.41059,0.88202,1.9173,0.59134,1.1038,-0.20733,-0.81349
0.41159,0.88174,1.9203,0.59059,1.1056,-0.20769,-0.81471
0.41259,0.88146,1.9234,0.58983,1.1075,-0.20805,-0.81593
0.41359,0.88118,1.9265,0.58908,1.1093,-0.20842,-0.81715
0.41459,0.8809,1.9296,0.58832,1.1112,-0.20878,-0.81838
0.41558,0.88062,1.9326,0.58757,1.113,-0.20915,-0.8196
0.41658,0.88034,1.9357,0.58682,1.1149,-0.20951,-0.82083
0.41758,0.88006,1.9388,0.58607,1.1168,-0.20988,-0.82206
0.41858,0.87977,1.9419,0.58532,1.1186,-0.21024,-0.82329
0.41958,0.87949,1.945,0.58457,1.1205,-0.21061,-0.82453
0.42058,0.87921,1.9481,0.58383,1.1224,-0.21098,-0.82576
0.42158,0.87893,1.9513,0.58308,1.1243,-0.21135,-0.827
0.42258,0.87865,1.9544,0.58234,1.1262,-0.21172,-0.82823
0.42358,0.87837,1.9575,0.58159,1.128,-0.21209,-0.82947
0.42458,0.87809,1.9606,0.58085,1.1299,-0.21246,-0.83072
0.42557,0.87781,1.9638,0.5801,1.1318,-0.21283,-0.83196
0.42657,0.87753,1.9669,0.57936,1.1337,-0.2132,-0.8332
0.42757,0.87725,1.9701,0.57862,1.1356,-0.21357,-0.83445
0.42857,0.87697,1.9732,0.57788,1.1375,-0.21394,-0.8357
0.42957,0.87669,1.9764,0.57714,1.1394,-0.21431,-0.83695
0.43057,0.87641,1.9795,0.57641,1.1413,-0.21469,-0.8382
0.43157,0.87613,1.9827,0.57567,1.1433,-0.21506,-0.83946
0.43257,0.87585,1.9859,0.57493,1.1452,-0.21544,-0.84071
0.43357,0.87557,1.9891,0.5742,1.1471,-0.21581,-0.84197
0.43457,0.87529,1.9922,0.57346,1.149,-0.21619,-0.84323
0.43556,0.87501,1.9954,0.57273,1.1509,-0.21657,-0.8445
0.43656,0.87473,1.9986,0.572,1.1529,-0.21695,-0.84576
0.43756,0.87445,2.0018,0.57127,1.1548,-0.21733,-0.84703
0.43856,0.87417,2.005,0.57054,1.1567,-0.21771,-0.8483
0.43956,0.87389,2.0082,0.56981,1.1587,-0.21809,-0.84957
0.44056,0.87361,2.0115,0.56908,1.1606,-0.21848,-0.85084
0.44156,0.87333,2.0147,0.56835,1.1626,-0.21886,-0.85212
0.44256,0.87305,2.0179,0.56763,1.1645,-0.21924,-0.85339
0.44356,0.87277,2.0211,0.5669,1.1665,-0.21963,-0.85467
0.44456,0.87249,2.0244,0.56618,1.1684,-0.22001,-0.85595
0.44555,0.87221,2.0276,0.56545,1.1704,-0.2204,-0.85723
0.44655,0.87193,2.0309,0.56473,1.1724,-0.22078,-0.85852
0.44755,0.87165,2.0341,0.56401,1.1743,-0.22117,-0.8598
0.44855,0.87137,2.0374,0.56329,1.1763,-0.22156,-0.86109
0.44955,0.87109,2.0406,0.56257,1.1783,-0.22194,-0.86238
0.45055,0.87081,2.0439,0.56185,1.1802,-0.22233,-0.86367
0.45155,0.87053,2.0472,0.56113,1.1822,-0.22272,-0.86497
0.45255,0.87025,2.0505,0.56041,1.1842,-0.22311,-0.86626
0.45355,0.86997,2.0538,0.5597,1.1862,-0.2235,-0.86756
0.45455,0.86969,2.057,0.55898,1.1882,-0.22389,-0.86886
0.45554,0.86941,2.0603,0.55827,1.1902,-0.22429,-0.87016
0.45654,0.86913,2.0636,0.55755,1.1922,-0.22468,-0.87146
0.45754,0.86885,2.067,0.55684,1.1942,-0.22507,-0.87277
0.45854,0.86857,2.0703,0.55613,1.1962,-0.22547,-0.87407
0.45954,0.86829,2.0736,0.55542,1.1982,-0.22586,-0.87538
0.46054,0.86801,2.0769,0.55471,1.2002,-0.22626,-0.87669
0.46154,0.86773,2.0802,0.554,1.2022,-0.22665,-0.878
0.46254,0.86745,2.0836,0.55329,1.2043,-0.22705,-0.87932
0.46354,0.86717,2.0869,0.55258,1.2063,-0.22745,-0.88063
0.46454,0.86689,2.0903,0.55188,1.2083,-0.22785,-0.88195
0.46553,0.86661,2.0936,0.55117,1.2103,-0.22825,-0.88327
0.46653,0.86633,2.097,0.55047,1.2124,-0.22865,-0.88459
0.46753,0.86605,2.1003,0.54976,1.2144,-0.22905,-0.88592
0.46853,0.86578,2.1037,0.54906,1.2165,-0.22945,-0.88724
0.46953,0.8655,2.1071,0.54836,1.2185,-0.22985,-0.88857
0.47053,0.86522,2.1105,0.54766,1.2206,-0.23025,-0.8899
0.47153,0.86494,2.1138,0.54696,1.2226,-0.23066,-0.89123
0.47253,0.86466,2.1172,0.54626,1.2247,-0.23106,-0.89257
0.47353,0.86438,2.1206,0.54556,1.2267,-0.23146,-0.8939
0.47453,0.8641,2.124,0.54486,1.2288,-0.23187,-0.89524
0.47552,0.86382,2.1274,0.54417,1.2309,-0.23228,-0.89658
0.47652,0.86354,2.1308,0.54347,1.2329,-0.23268,-0.89792
0.47752,0.86326,2.1343,0.54277,1.235,-0.23309,-0.89927
0.47852,0.86298,2.1377,0.54208,1.2371,-0.2335,-0.90061
0.47952,0.8627,2.1411,0.54139,1.2392,-0.23391,-0.90196
0.48052,0.86243,2.1446,0.5407,1.2412,-0.23432,-0.90331
0.48152,0.86215,2.148,0.54,1.2433,-0.23473,-0.90466
0.48252,0.86187,2.1514,0.53931,1.2454,-0.23514,-0.90601
0.48352,0.86159,2.1549,0.53862,1.2475,-0.23555,-0.90737
0.48452,0.86131,2.1584,0.53794,1.2496,-0.23596,-0.90872
0.48551,0.86103,2.1618,0.53725,1.2517,-0.23637,-0.91008
0.48651,0.86075,2.1653,0.53656,1.2538,-0.23679,-0.91144
0.48751,0.86047,2.1688,0.53587,1.256,-0.2372,-0.91281
0.48851,0.86019,2.1722,0.53519,1.2581,-0.23762,-0.91417
0.48951,0.85992,2.1757,0.53451,1.2602,-0.23803,-0.91554
0.49051,0.85964,2.1792,0.53382,1.2623,-0.23845,-0.91691
0.49151,0.85936,2.1827,0.53314,1.2644,-0.23887,-0.91828
0.49251,0.85908,2.1862,0.53246,1.2666,-0.23929,-0.91965
0.49351,0.8588,2.1897,0.53178,1.2687,-0.23971,-0.92103
0.49451,0.85852,2.1932,0.5311,1.2708,-0.24013,-0.92241
0.4955,0.85824,2.1968,0.53042,1.273,-0.24055,-0.92378
0.4965,0.85797,2.2003,0.52974,1.2751,-0.24097,-0.92517
0.4975,0.85769,2.2038,0.52906,1.2773,-0.24139,-0.92655
0.4985,0.85741,2.2074,0.52839,1.2794,-0.24181,-0.92793
0.4995,0.85713,2.2109,0.52771,1.2816,-0.24223,-0.92932
0.5005,0.85685,2.2145,0.52703,1.2838,-0.24266,-0.93071
0.5015,0.85657,2.218,0.52636,1.2859,-0.24308,-0.9321
0.5025,0.85629,2.2216,0.52569,1.2881,-0.24351,-0.93349
0.5035,0.85602,2.2251,0.52502,1.2903,-0.24394,-0.93489
0.5045,0.85574,2.2287,0.52434,1.2924,-0.24436,-0.93629
0.50549,0.85546,2.2323,0.52367,1.2946,-0.24479,-0.93769
0.50649,0.85518,2.2359,0.523,1.2968,-0.24522,-0.93909
0.50749,0.8549,2.2395,0.52234,1.299,-0.24565,-0.94049
0.50849,0.85462,2.2431,0.52167,1.3012,-0.24608,-0.9419
0.50949,0.85435,2.2467,0.521,1.3034,-0.24651,-0.9433
0.51049,0.85407,2.2503,0.52033,1.3056,-0.24694,-0.94471
0.51149,0.85379,2.2539,0.51967,1.3078,-0.24737,-0.94613
0.51249,0.85351,2.2575,0.519,1.31,-0.24781,-0.94754
0.51349,0.85323,2.2612,0.51834,1.3122,-0.24824,-0.94896
0.51449,0.85296,2.2648,0.51768,1.3144,-0.24867,-0.95038
0.51548,0.85268,2.2684,0.51702,1.3166,-0.24911,-0.9518
0.51648,0.8524,2.2721,0.51635,1.3189,-0.24954,-0.95322
0.51748,0.85212,2.2757,0.51569,1.3211,-0.24998,-0.95464
0.51848,0.85184,2.2794,0.51504,1.3233,-0.25042,-0.95607
0.51948,0.85157,2.2831,0.51438,1.3256,-0.25086,-0.9575
0.52048,0.85129,2.2867,0.51372,1.3278,-0.2513,-0.95893
0.52148,0.85101,2.2904,0.51306,1.3301,-0.25174,-0.96036
0.52248,0.85073,2.2941,0.51241,1.3323,-0.25218,-0.9618
0.52348,0.85046,2.2978,0.51175,1.3346,-0.25262,-0.96323
0.52448,0.85018,2.3015,0.5111,1.3368,-0.25306,-0.96467
0.52547,0.8499,2.3052,0.51044,1.3391,-0.2535,-0.96611
0.52647,0.84962,2.3089,0.50979,1.3413,-0.25395,-0.96756
0.52747,0.84934,2.3126,0.50914,1.3436,-0.25439,-0.969
0.52847,0.84907,2.3163,0.50849,1.3459,-0.25484,-0.97045
0.52947,0.84879,2.3201,0.50784,1.3482,-0.25528,-0.9719
0.53047,0.84851,2.3238,0.50719,1.3504,-0.25573,-0.97335
0.53147,0.84823,2.3275,0.50654,1.3527,-0.25618,-0.97481
0.53247,0.84796,2.3313,0.50589,1.355,-0.25662,-0.97626
0.53347,0.84768,2.335,0.50524,1.3573,-0.25707,-0.97772
0.53447,0.8474,2.3388,0.5046,1.3596,-0.25752,-0.97918
0.53546,0.84712,2.3425,0.50395,1.3619,-0.25797,-0.98064
0.53646,0.84685,2.3463,0.50331,1.3642,-0.25843,-0.98211
0.53746,0.84657,2.3501,0.50266,1.3665,-0.25888,-0.98357
0.53846,0.84629,2.3539,0.50202,1.3688,-0.25933,-0.98504
0.53946,0.84601,2.3577,0.50138,1.3711,-0.25978,-0.98651
0.54046,0.84574,2.3615,0.50074,1.3735,-0.26024,-0.98799
0.54146,0.84546,2.3653,0.5001,1.3758,-0.26069,-0.98946
0.54246,0.84518,2.3691,0.49946,1.3781,-0.26115,-0.99094
0.54346,0.84491,2.3729,0.49882,1.3805,-0.26161,-0.99242
0.54446,0.84463,2.3767,0.49818,1.3828,-0.26207,-0.9939
0.54545,0.84435,2.3805,0.49754,1.3851,-0.26252,-0.99538
0.54645,0.84407,2.3844,0.49691,1.3875,-0.26298,-0.99687
0.54745,0.8438,2.3882,0.49627,1.3898,-0.26344,-0.99836
0.54845,0.84352,2.392,0.49564,1.3922,-0.2639,-0.99985
0.54945,0.84324,2.3959,0.495,1.3946,-0.26437,-1.0013
0.55045,0.84297,2.3998,0.49437,1.3969,-0.26483,-1.0028
0.55145,0.84269,2.4036,0.49374,1.3993,-0.26529,-1.0043
0.55245,0.84241,2.4075,0.49311,1.4017,-0.26576,-1.0058
0.55345,0.84213,2.4114,0.49248,1.404,-0.26622,-1.0073
0.55445,0.84186,2.4153,0.49185,1.4064,-0.26669,-1.0088
0.55544,0.84158,2.4191,0.49122,1.4088,-0.26715,-1.0103
0.55644,0.8413,2.423,0.49059,1.4112,-0.26762,-1.0119
0.55744,0.84103,2.4269,0.48996,1.4136,-0.26809,-1.0134
0.55844,0.84075,2.4309,0.48933,1.416,-0.26856,-1.0149
0.55944,0.84047,2.4348,0.48871,1.4184,-0.26903,-1.0164
0.56044,0.8402,2.4387,0.48808,1.4208,-0.2695,-1.0179
0.56144,0.83992,2.4426,0.48746,1.4232,-0.26997,-1.0194
0.56244,0.83964,2.4466,0.48683,1.4256,-0.27044,-1.0209
0.56344,0.83937,2.4505,0.48621,1.428,-0.27091,-1.0225
0.56444,0.83909,2.4544,0.48559,1.4305,-0.27139,-1.024
0.56543,0.83881,2.4584,0.48497,1.4329,-0.27186,-1.0255
0.56643,0.83854,2.4624,0.48435,1.4353,-0.27234,-1.027
0.56743,0.83826,2.4663,0.48373,1.4378,-0.27281,-1.0286
0.56843,0.83798,2.4703,0.48311,1.4402,-0.27329,-1.0301
0.56943,0.83771,2.4743,0.48249,1.4426,-0.27377,-1.0317
0.57043,0.83743,2.4783,0.48187,1.4451,-0.27425,-1.0332
0.57143,0.83715,2.4823,0.48126,1.4475,-0.27473,-1.0347
0.57243,0.83688,2.4863,0.48064,1.45,-0.27521,-1.0363
0.57343,0.8366,2.4903,0.48003,1.4525,-0.27569,-1.0378
0.57443,0.83633,2.4943,0.47941,1.4549,-0.27617,-1.0394
0.57542,0.83605,2.4983,0.4788,1.4574,-0.27665,-1.0409
0.57642,0.83577,2.5023,0.47818,1.4599,-0.27714,-1.0425
0.57742,0.8355,2.5064,0.47757,1.4624,-0.27762,-1.044
0.57842,0.83522,2.5104,0.47696,1.4648,-0.27811,-1.0456
0.57942,0.83494,2.5145,0.47635,1.4673,-0.27859,-1.0471
0.58042,0.83467,2.5185,0.47574,1.4698,-0.27908,-1.0487
0.58142,0.83439,2.5226,0.47513,1.4723,-0.27957,-1.0503
0.58242,0.83412,2.5267,0.47453,1.4748,-0.28006,-1.0518
0.58342,0.83384,2.5307,0.47392,1.4773,-0.28055,-1.0534
0.58442,0.83356,2.5348,0.47331,1.4798,-0.28104,-1.055
0.58541,0.83329,2.5389,0.47271,1.4824,-0.28153,-1.0565
0.58641,0.83301,2.543,0.4721,1.4849,-0.28202,-1.0581
0.58741,0.83274,2.5471,0.4715,1.4874,-0.28251,-1.0597
0.58841,0.83246,2.5512,0.47089,1.4899,-0.28301,-1.0613
0.58941,0.83218,2.5553,0.47029,1.4925,-0.2835,-1.0629
0.59041,0.83191,2.5595,0.46969,1.495,-0.284,-1.0644
0.59141,0.83163,2.5636,0.46909,1.4976,-0.28449,-1.066
0.59241,0.83136,2.5677,0.46849,1.5001,-0.28499,-1.0676
0.59341,0.83108,2.5719,0.46789,1.5027,-0.28549,-1.0692
0.59441,0.83081,2.576,0.46729,1.5052,-0.28599,-1.0708
0.5954,0.83053,2.5802,0.46669,1.5078,-0.28649,-1.0724
0.5964,0.83025,2.5844,0.46609,1.5104,-0.28699,-1.074
0.5974,0.82998,2.5885,0.4655,1.5129,-0.28749,-1.0756
0.5984,0.8297,2.5927,0.4649,1.5155,-0.28799,-1.0772
0.5994,0.82943,2.5969,0.46431,1.5181,-0.28849,-1.0788
0.6004,0.82915,2.6011,0.46371,1.5207,-0.289,-1.0804
0.6014,0.82888,2.6053,0.46312,1.5233,-0.2895,-1.082
0.6024,0.8286,2.6095,0.46253,1.5259,-0.29001,-1.0836
0.6034,0.82833,2.6137,0.46194,1.5285,-0.29051,-1.0852
0.6044,0.82805,2.6179,0.46134,1.5311,-0.29102,-1.0869
0.60539,0.82778,2.6222,0.46075,1.5337,-0.29153,-1.0885
0.60639,0.8275,2.6264,0.46016,1.5363,-0.29204,-1.0901
0.60739,0.82722,2.6306,0.45958,1.5389,-0.29255,-1.0917
0.60839,0.82695,2.6349,0.45899,1.5415,-0.29306,-1.0934
0.60939,0.82667,2.6391,0.4584,1.5442,-0.29357,-1.095
0.61039,0.8264,2.6434,0.45781,1.5468,-0.29408,-1.0966
0.61139,0.82612,2.6477,0.45723,1.5494,-0.29459,-1.0982
0.61239,0.82585,2.652,0.45664,1.5521,-0.29511,-1.0999
0.61339,0.82557,2.6562,0.45606,1.5547,-0.29562,-1.1015
0.61439,0.8253,2.6605,0.45547,1.5574,-0.29614,-1.1032
0.61538,0.82502,2.6648,0.45489,1.56,-0.29666,-1.1048
0.61638,0.82475,2.6691,0.45431,1.5627,-0.29717,-1.1064
0.61738,0.82447,2.6735,0.45373,1.5654,-0.29769,-1.1081
0.61838,0.8242,2.6778,0.45315,1.568,-0.29821,-1.1097
0.61938,0.82392,2.6821,0.45257,1.5707,-0.29873,-1.1114
0.62038,0.82365,2.6865,0.45199,1.5734,-0.29925,-1.113
0.62138,0.82337,2.6908,0.45141,1.5761,-0.29978,-1.1147
0.62238,0.8231,2.6951,0.45083,1.5788,-0.3003,-1.1164
0.62338,0.82282,2.6995,0.45025,1.5815,-0.30082,-1.118
0.62438,0.82255,2.7039,0.44968,1.5842,-0.30135,-1.1197
0.62537,0.82227,2.7082,0.4491,1.5869,-0.30187,-1.1214
0.62637,0.822,2.7126,0.44853,1.5896,-0.3024,-1.123
0.62737,0.82172,2.717,0.44795,1.5923,-0.30293,-1.1247
0.62837,0.82145,2.7214,0.44738,1.595,-0.30345,-1.1264
0.62937,0.82117,2.7258,0.44681,1.5978,-0.30398,-1.128
0.63037,0.8209,2.7302,0.44623,1.6005,-0.30451,-1.1297
0.63137,0.82063,2.7346,0.44566,1.6032,-0.30504,-1.1314
0.63237,0.82035,2.739,0.44509,1.606,-0.30558,-1.1331
0.63337,0.82008,2.7435,0.44452,1.6087,-0.30611,-1.1348
0.63437,0.8198,2.7479,0.44395,1.6115,-0.30664,-1.1365
0.63536,0.81953,2.7524,0.44338,1.6142,-0.30718,-1.1381
0.63636,0.81925,2.7568,0.44282,1.617,-0.30771,-1.1398
0.63736,0.81898,2.7613,0.44225,1.6197,-0.30825,-1.1415
0.63836,0.8187,2.7657,0.44168,1.6225,-0.30879,-1.1432
0.63936,0.81843,2.7702,0.44112,1.6253,-0.30932,-1.1449
0.64036,0.81816,2.7747,0.44055,1.6281,-0.30986,-1.1466
0.64136,0.81788,2.7792,0.43999,1.6308,-0.3104,-1.1483
0.64236,0.81761,2.7837,0.43942,1.6336,-0.31094,-1.15
0.64336,0.81733,2.7882,0.43886,1.6364,-0.31148,-1.1518
0.64436,0.81706,2.7927,0.4383,1.6392,-0.31203,-1.1535
0.64535,0.81678,2.7972,0.43774,1.642,-0.31257,-1.1552
0.64635,0.81651,2.8018,0.43718,1.6448,-0.31312,-1.1569
0.64735,0.81624,2.8063,0.43662,1.6477,-0.31366,-1.1586
0.64835,0.81596,2.8108,0.43606,1.6505,-0.31421,-1.1603
0.64935,0.81569,2.8154,0.4355,1.6533,-0.31475,-1.1621
0.65035,0.81541,2.8199,0.43494,1.6561,-0.3153,-1.1638
0.65135,0.81514,2.8245,0.43438,1.659,-0.31585,-1.1655
0.65235,0.81487,2.8291,0.43383,1.6618,-0.3164,-1.1673
0.65335,0.81459,2.8337,0.43327,1.6647,-0.31695,-1.169
0.65435,0.81432,2.8382,0.43272,1.6675,-0.3175,-1.1707
0.65534,0.81404,2.8428,0.43216,1.6704,-0.31806,-1.1725
0.65634,0.81377,2.8474,0.43161,1.6732,-0.31861,-1.1742
0.65734,0.8135,2.8521,0.43106,1.6761,-0.31916,-1.176
0.65834,0.81322,2.8567,0.4305,1.679,-0.31972,-1.1777
0.65934,0.81295,2.8613,0.42995,1.6819,-0.32028,-1.1795
0.66034,0.81268,2.8659,0.4294,1.6847,-0.32083,-1.1812
0.66134,0.8124,2.8706,0.42885,1.6876,-0.32139,-1.183
0.66234,0.81213,2.8752,0.4283,1.6905,-0.32195,-1.1847
0.66334,0.81186,2.8799,0.42775,1.6934,-0.32251,-1.1865
0.66434,0.81158,2.8846,0.42721,1.6963,-0.32307,-1.1882
0.66533,0.81131,2.8892,0.42666,1.6992,-0.32363,-1.19
0.66633,0.81103,2.8939,0.42611,1.7022,-0.3242,-1.1918
0.66733,0.81076,2.8986,0.42557,1.7051,-0.32476,-1.1935
0.66833,0.81049,2.9033,0.42502,1.708,-0.32533,-1.1953
0.66933,0.81021,2.908,0.42448,1.7109,-0.32589,-1.1971
0.67033,0.80994,2.9127,0.42393,1.7139,-0.32646,-1.1989
0.67133,0.80967,2.9175,0.42339,1.7168,-0.32703,-1.2006
0.67233,0.80939,2.9222,0.42285,1.7198,-0.3276,-1.2024
0.67333,0.80912,2.9269,0.42231,1.7227,-0.32817,-1.2042
0.67433,0.80885,2.9317,0.42177,1.7257,-0.32874,-1.206
0.67532,0.80857,2.9364,0.42123,1.7287,-0.32931,-1.2078
0.67632,0.8083,2.9412,0.42069,1.7316,-0.32988,-1.2096
0.67732,0.80803,2.946,0.42015,1.7346,-0.33045,-1.2114
0.67832,0.80776,2.9508,0.41961,1.7376,-0.33103,-1.2132
0.67932,0.80748,2.9555,0.41907,1.7406,-0.3316,-1.215
0.68032,0.80721,2.9603,0.41853,1.7436,-0.33218,-1.2168
0.68132,0.80694,2.9651,0.418,1.7466,-0.33276,-1.2186
0.68232,0.80666,2.9699,0.41746,1.7496,-0.33333,-1.2204
0.68332,0.80639,2.9748,0.41693,1.7526,-0.33391,-1.2222
0.68432,0.80612,2.9796,0.41639,1.7556,-0.33449,-1.224
0.68531,0.80584,2.9844,0.41586,1.7586,-0.33507,-1.2258
0.68631,0.80557,2.9893,0.41533,1.7616,-0.33566,-1.2276
0.68731,0.8053,2.9941,0.41479,1.7647,-0.33624,-1.2295
0.68831,0.80503,2.999,0.41426,1.7677,-0.33682,-1.2313
0.68931,0.80475,3.0039,0.41373,1.7707,-0.33741,-1.2331
0.69031,0.80448,3.0087,0.4132,1.7738,-0.33799,-1.2349
0.69131,0.80421,3.0136,0.41267,1.7768,-0.33858,-1.2368
0.69231,0.80393,3.0185,0.41214,1.7799,-0.33917,-1.2386
0.69331,0.80366,3.0234,0.41162,1.783,-0.33976,-1.2404
0.69431,0.80339,3.0283,0.41109,1.786,-0.34035,-1.2423
0.6953,0.80312,3.0332,0.41056,1.7891,-0.34094,-1.2441
0.6963,0.80284,3.0382,0.41003,1.7922,-0.34153,-1.246
0.6973,0.80257,3.0431,0.40951,1.7953,-0.34212,-1.2478
0.6983,0.8023,3.048,0.40898,1.7984,-0.34272,-1.2497
0.6993,0.80203,3.053,0.40846,1.8015,-0.34331,-1.2515
0.7003,0.80175,3.0579,0.40794,1.8046,-0.34391,-1.2534
0.7013,0.80148,3.0629,0.40741,1.8077,-0.3445,-1.2552
0.7023,0.80121,3.0679,0.40689,1.8108,-0.3451,-1.2571
0.7033,0.80094,3.0729,0.40637,1.8139,-0.3457,-1.2589
0.7043,0.80067,3.0779,0.40585,1.817,-0.3463,-1.2608
0.70529,0.80039,3.0829,0.40533,1.8202,-0.3469,-1.2627
0.70629,0.80012,3.0879,0.40481,1.8233,-0.3475,-1.2646
0.70729,0.79985,3.0929,0.40429,1.8265,-0.3481,-1.2664
0.70829,0.79958,3.0979,0.40377,1.8296,-0.34871,-1.2683
0.70929,0.7993,3.1029,0.40325,1.8328,-0.34931,-1.2702
0.71029,0.79903,3.108,0.40274,1.8359,-0.34992,-1.2721
0.71129,0.79876,3.113,0.40222,1.8391,-0.35053,-1.2739
0.71229,0.79849,3.1181,0.40171,1.8423,-0.35113,-1.2758
0.71329,0.79822,3.1232,0.40119,1.8454,-0.35174,-1.2777
0.71429,0.79794,3.1282,0.40068,1.8486,-0.35235,-1.2796
0.71528,0.79767,3.1333,0.40016,1.8518,-0.35296,-1.2815
0.71628,0.7974,3.1384,0.39965,1.855,-0.35357,-1.2834
0.71728,0.79713,3.1435,0.39914,1.8582,-0.35419,-1.2853
0.71828,0.79686,3.1486,0.39862,1.8614,-0.3548,-1.2872
0.71928,0.79659,3.1537,0.39811,1.8646,-0.35541,-1.2891
0.72028,0.79631,3.1589,0.3976,1.8678,-0.35603,-1.291
0.72128,0.79604,3.164,0.39709,1.8711,-0.35665,-1.2929
0.72228,0.79577,3.1691,0.39658,1.8743,-0.35726,-1.2948
0.72328,0.7955,3.1743,0.39608,1.8775,-0.35788,-1.2968
0.72428,0.79523,3.1795,0.39557,1.8808,-0.3585,-1.2987
0.72527,0.79496,3.1846,0.39506,1.884,-0.35912,-1.3006
0.72627,0.79468,3.1898,0.39455,1.8873,-0.35974,-1.3025
0.72727,0.79441,3.195,0.39405,1.8905,-0.36037,-1.3044
0.72827,0.79414,3.2002,0.39354,1.8938,-0.36099,-1.3064
0.72927,0.79387,3.2054,0.39304,1.8971,-0.36162,-1.3083
0.73027,0.7936,3.2106,0.39253,1.9004,-0.36224,-1.3102
0.73127,0.79333,3.2158,0.39203,1.9037,-0.36287,-1.3122
0.73227,0.79305,3.2211,0.39153,1.9069,-0.3635,-1.3141
0.73327,0.79278,3.2263,0.39102,1.9102,-0.36413,-1.3161
0.73427,0.79251,3.2316,0.39052,1.9136,-0.36476,-1.318
0.73526,0.79224,3.2368,0.39002,1.9169,-0.36539,-1.32
0.73626,0.79197,3.2421,0.38952,1.9202,-0.36602,-1.3219
0.73726,0.7917,3.2474,0.38902,1.9235,-0.36665,-1.3239
0.73826,0.79143,3.2527,0.38852,1.9268,-0.36729,-1.3258
0.73926,0.79116,3.2579,0.38803,1.9302,-0.36792,-1.3278
0.74026,0.79089,3.2633,0.38753,1.9335,-0.36856,-1.3297
0.74126,0.79061,3.2686,0.38703,1.9369,-0.3692,-1.3317
0.74226,0.79034,3.2739,0.38653,1.9402,-0.36984,-1.3337
0.74326,0.79007,3.2792,0.38604,1.9436,-0.37048,-1.3356
0.74426,0.7898,3.2846,0.38554,1.9469,-0.37112,-1.3376
0.74525,0.78953,3.2899,0.38505,1.9503,-0.37176,-1.3396
0.74625,0.78926,3.2953,0.38455,1.9537,-0.3724,-1.3416
0.74725,0.78899,3.3006,0.38406,1.9571,-0.37305,-1.3436
0.74825,0.78872,3.306,0.38357,1.9605,-0.37369,-1.3455
0.74925,0.78845,3.3114,0.38308,1.9639,-0.37434,-1.3475
0.75025,0.78818,3.3168,0.38259,1.9673,-0.37498,-1.3495
0.75125,0.78791,3.3222,0.38209,1.9707,-0.37563,-1.3515
0.75225,0.78763,3.3276,0.3816,1.9741,-0.37628,-1.3535
0.75325,0.78736,3.333,0.38111,1.9775,-0.37693,-1.3555
0.75425,0.78709,3.3385,0.38063,1.981,-0.37758,-1.3575
0.75524,0.78682,3.3439,0.38014,1.9844,-0.37824,-1.3595
0.75624,0.78655,3.3494,0.37965,1.9878,-0.37889,-1.3615
0.75724,0.78628,3.3548,0.37916,1.9913,-0.37954,-1.3635
0.75824,0.78601,3.3603,0.37868,1.9947,-0.3802,-1.3655
0.75924,0.78574,3.3658,0.37819,1.9982,-0.38086,-1.3676
0.76024,0.78547,3.3713,0.37771,2.0017,-0.38152,-1.3696
0.76124,0.7852,3.3768,0.37722,2.0052,-0.38217,-1.3716
0.76224,0.78493,3.3823,0.37674,2.0086,-0.38283,-1.3736
0.76324,0.78466,3.3878,0.37625,2.0121,-0.3835,-1.3756
0.76424,0.78439,3.3933,0.37577,2.0156,-0.38416,-1.3777
0.76523,0.78412,3.3988,0.37529,2.0191,-0.38482,-1.3797
0.76623,0.78385,3.4044,0.37481,2.0226,-0.38549,-1.3817
0.76723,0.78358,3.4099,0.37433,2.0261,-0.38615,-1.3838
0.76823,0.78331,3.4155,0.37384,2.0297,-0.38682,-1.3858
0.76923,0.78304,3.4211,0.37337,2.0332,-0.38749,-1.3879
0.77023,0.78277,3.4266,0.37289,2.0367,-0.38815,-1.3899
0.77123,0.7825,3.4322,0.37241,2.0403,-0.38882,-1.392
0.77223,0.78223,3.4378,0.37193,2.0438,-0.3895,-1.394
0.77323,0.78196,3.4434,0.37145,2.0474,-0.39017,-1.3961
0.77423,0.78169,3.4491,0.37098,2.0509,-0.39084,-1.3981
0.77522,0.78142,3.4547,0.3705,2.0545,-0.39152,-1.4002
0.77622,0.78115,3.4603,0.37002,2.0581,-0.39219,-1.4023
0.77722,0.78088,3.466,0.36955,2.0616,-0.39287,-1.4043
0.77822,0.78061,3.4716,0.36907,2.0652,-0.39355,-1.4064
0.77922,0.78034,3.4773,0.3686,2.0688,-0.39422,-1.4085
0.78022,0.78007,3.483,0.36813,2.0724,-0.3949,-1.4105
0.78122,0.7798,3.4886,0.36765,2.076,-0.39558,-1.4126
0.78222,0.77953,3.4943,0.36718,2.0796,-0.39627,-1.4147
0.78322,0.77926,3.5,0.36671,2.0833,-0.39695,-1.4168
0.78422,0.77899,3.5058,0.36624,2.0869,-0.39763,-1.4189
0.78521,0.77872,3.5115,0.36577,2.0905,-0.39832,-1.421
0.78621,0.77845,3.5172,0.3653,2.0942,-0.39901,-1.4231
0.78721,0.77818,3.5229,0.36483,2.0978,-0.39969,-1.4251
0.78821,0.77791,3.5287,0.36436,2.1015,-0.40038,-1.4272
0.78921,0.77764,3.5345,0.36389,2.1051,-0.40107,-1.4293
0.79021,0.77737,3.5402,0.36343,2.1088,-0.40176,-1.4315
0.79121,0.7771,3.546,0.36296,2.1125,-0.40246,-1.4336
0.79221,0.77684,3.5518,0.36249,2.1161,-0.40315,-1.4357
0.79321,0.77657,3.5576,0.36203,2.1198,-0.40384,-1.4378
0.79421,0.7763,3.5634,0.36156,2.1235,-0.40454,-1.4399
0.7952,0.77603,3.5692,0.3611,2.1272,-0.40524,-1.442
0.7962,0.77576,3.5751,0.36064,2.1309,-0.40593,-1.4441
0.7972,0.77549,3.5809,0.36017,2.1346,-0.40663,-1.4463
0.7982,0.77522,3.5867,0.35971,2.1384,-0.40733,-1.4484
0.7992,0.77495,3.5926,0.35925,2.1421,-0.40803,-1.4505
0.8002,0.77468,3.5985,0.35879,2.1458,-0.40874,-1.4527
0.8012,0.77441,3.6044,0.35832,2.1496,-0.40944,-1.4548
0.8022,0.77414,3.6102,0.35786,2.1533,-0.41015,-1.4569
0.8032,0.77388,3.6162,0.35741,2.1571,-0.41085,-1.4591
0.8042,0.77361,3.6221,0.35695,2.1608,-0.41156,-1.4612
0.80519,0.77334,3.628,0.35649,2.1646,-0.41227,-1.4634
0.80619,0.77307,3.6339,0.35603,2.1684,-0.41298,-1.4655
0.80719,0.7728,3.6399,0.35557,2.1722,-0.41369,-1.4677
0.80819,0.77253,3.6458,0.35512,2.176,-0.4144,-1.4698
0.80919,0.77226,3.6518,0.35466,2.1798,-0.41512,-1.472
0.81019,0.77199,3.6578,0.3542,2.1836,-0.41583,-1.4742
0.81119,0.77173,3.6638,0.35375,2.1874,-0.41655,-1.4763
0.81219,0.77146,3.6698,0.3533,2.1912,-0.41726,-1.4785
0.81319,0.77119,3.6758,0.35284,2.1951,-0.41798,-1.4807
0.81419,0.77092,3.6818,0.35239,2.1989,-0.4187,-1.4829
0.81518,0.77065,3.6878,0.35194,2.2028,-0.41942,-1.485
0.81618,0.77038,3.6938,0.35148,2.2066,-0.42014,-1.4872
0.81718,0.77011,3.6999,0.35103,2.2105,-0.42087,-1.4894
0.81818,0.76985,3.7059,0.35058,2.2143,-0.42159,-1.4916
0.81918,0.76958,3.712,0.35013,2.2182,-0.42232,-1.4938
0.82018,0.76931,3.7181,0.34968,2.2221,-0.42304,-1.496
0.82118,0.76904,3.7242,0.34923,2.226,-0.42377,-1.4982
0.82218,0.76877,3.7303,0.34878,2.2299,-0.4245,-1.5004
0.82318,0.7685,3.7364,0.34834,2.2338,-0.42523,-1.5026
0.82418,0.76824,3.7425,0.34789,2.2377,-0.42596,-1.5048
0.82517,0.76797,3.7486,0.34744,2.2416,-0.42669,-1.507
0.82617,0.7677,3.7548,0.34699,2.2456,-0.42743,-1.5092
0.82717,0.76743,3.7609,0.34655,2.2495,-0.42816,-1.5114
0.82817,0.76716,3.7671,0.3461,2.2534,-0.4289,-1.5137
0.82917,0.7669,3.7733,0.34566,2.2574,-0.42964,-1.5159
0.83017,0.76663,3.7794,0.34521,2.2613,-0.43037,-1.5181
0.83117,0.76636,3.7856,0.34477,2.2653,-0.43111,-1.5203
0.83217,0.76609,3.7918,0.34433,2.2693,-0.43185,-1.5226
0.83317,0.76582,3.7981,0.34389,2.2733,-0.4326,-1.5248
0.83417,0.76556,3.8043,0.34344,2.2772,-0.43334,-1.527
0.83516,0.76529,3.8105,0.343,2.2812,-0.43408,-1.5293
0.83616,0.76502,3.8168,0.34256,2.2852,-0.43483,-1.5315
0.83716,0.76475,3.823,0.34212,2.2892,-0.43558,-1.5338
0.83816,0.76449,3.8293,0.34168,2.2933,-0.43633,-1.536
0.83916,0.76422,3.8356,0.34124,2.2973,-0.43708,-1.5383
0.84016,0.76395,3.8419,0.3408,2.3013,-0.43783,-1.5405
0.84116,0.76368,3.8482,0.34037,2.3054,-0.43858,-1.5428
0.84216,0.76342,3.8545,0.33993,2.3094,-0.43933,-1.5451
0.84316,0.76315,3.8608,0.33949,2.3135,-0.44009,-1.5473
0.84416,0.76288,3.8671,0.33905,2.3175,-0.44084,-1.5496
0.84515,0.76261,3.8735,0.33862,2.3216,-0.4416,-1.5519
0.84615,0.76235,3.8798,0.33818,2.3257,-0.44236,-1.5541
0.84715,0.76208,3.8862,0.33775,2.3298,-0.44312,-1.5564
0.84815,0.76181,3.8925,0.33731,2.3338,-0.44388,-1.5587
0.84915,0.76154,3.8989,0.33688,2.3379,-0.44464,-1.561
0.85015,0.76128,3.9053,0.33645,2.3421,-0.4454,-1.5633
0.85115,0.76101,3.9117,0.33602,2.3462,-0.44617,-1.5656
0.85215,0.76074,3.9182,0.33558,2.3503,-0.44693,-1.5679
0.85315,0.76048,3.9246,0.33515,2.3544,-0.4477,-1.5702
0.85415,0.76021,3.931,0.33472,2.3586,-0.44847,-1.5725
0.85514,0.75994,3.9375,0.33429,2.3627,-0.44924,-1.5748
0.85614,0.75967,3.9439,0.33386,2.3669,-0.45001,-1.5771
0.85714,0.75941,3.9504,0.33343,2.371,-0.45078,-1.5794
0.85814,0.75914,3.9569,0.333,2.3752,-0.45155,-1.5817
0.85914,0.75887,3.9634,0.33257,2.3794,-0.45233,-1.584
0.86014,0.75861,3.9699,0.33215,2.3836,-0.4531,-1.5863
0.86114,0.75834,3.9764,0.33172,2.3878,-0.45388,-1.5887
0.86214,0.75807,3.9829,0.33129,2.392,-0.45466,-1.591
0.86314,0.75781,3.9895,0.33087,2.3962,-0.45544,-1.5933
0.86414,0.75754,3.996,0.33044,2.4004,-0.45622,-1.5956
0.86513,0.75727,4.0026,0.33002,2.4046,-0.457,-1.598
0.86613,0.75701,4.0092,0.32959,2.4088,-0.45778,-1.6003
0.86713,0.75674,4.0157,0.32917,2.4131,-0.45857,-1.6027
0.86813,0.75647,4.0223,0.32874,2.4173,-0.45935,-1.605
0.86913,0.75621,4.0289,0.32832,2.4216,-0.46014,-1.6074
0.87013,0.75594,4.0356,0.3279,2.4259,-0.46093,-1.6097
0.87113,0.75567,4.0422,0.32748,2.4301,-0.46172,-1.6121
0.87213,0.75541,4.0488,0.32706,2.4344,-0.46251,-1.6144
0.87313,0.75514,4.0555,0.32664,2.4387,-0.4633,-1.6168
0.87413,0.75487,4.0621,0.32621,2.443,-0.46409,-1.6191
0.87512,0.75461,4.0688,0.32579,2.4473,-0.46489,-1.6215
0.87612,0.75434,4.0755,0.32538,2.4516,-0.46568,-1.6239
0.87712,0.75408,4.0822,0.32496,2.4559,-0.46648,-1.6263
0.87812,0.75381,4.0889,0.32454,2.4603,-0.46728,-1.6286
0.87912,0.75354,4.0956,0.32412,2.4646,-0.46808,-1.631
0.88012,0.75328,4.1023,0.3237,2.4689,-0.46888,-1.6334
0.88112,0.75301,4.1091,0.32329,2.4733,-0.46968,-1.6358
0.88212,0.75274,4.1158,0.32287,2.4777,-0.47049,-1.6382
0.88312,0.75248,4.1226,0.32246,2.482,-0.47129,-1.6406
0.88412,0.75221,4.1294,0.32204,2.4864,-0.4721,-1.643
0.88511,0.75195,4.1362,0.32163,2.4908,-0.47291,-1.6454
0.88611,0.75168,4.143,0.32121,2.4952,-0.47372,-1.6478
0.88711,0.75141,4.1498,0.3208,2.4996,-0.47453,-1.6502
0.88811,0.75115,4.1566,0.32039,2.504,-0.47534,-1.6526
0.88911,0.75088,4.1634,0.31997,2.5084,-0.47615,-1.655
0.89011,0.75062,4.1703,0.31956,2.5128,-0.47697,-1.6574
0.89111,0.75035,4.1771,0.31915,2.5173,-0.47778,-1.6598
0.89211,0.75009,4.184,0.31874,2.5217,-0.4786,-1.6623
0.89311,0.74982,4.1909,0.31833,2.5262,-0.47942,-1.6647
0.89411,0.74955,4.1977,0.31792,2.5306,-0.48024,-1.6671
0.8951,0.74929,4.2046,0.31751,2.5351,-0.48106,-1.6696
0.8961,0.74902,4.2116,0.3171,2.5396,-0.48188,-1.672
0.8971,0.74876,4.2185,0.31669,2.544,-0.4827,-1.6744
0.8981,0.74849,4.2254,0.31628,2.5485,-0.48353,-1.6769
0.8991,0.74823,4.2324,0.31588,2.553,-0.48435,-1.6793
0.9001,0.74796,4.2393,0.31547,2.5576,-0.48518,-1.6818
0.9011,0.7477,4.2463,0.31506,2.5621,-0.48601,-1.6842
0.9021,0.74743,4.2533,0.31466,2.5666,-0.48684,-1.6867
0.9031,0.74717,4.2603,0.31425,2.5711,-0.48767,-1.6891
0.9041,0.7469,4.2673,0.31385,2.5757,-0.4885,-1.6916
0.90509,0.74664,4.2743,0.31344,2.5803,-0.48934,-1.6941
0.90609,0.74637,4.2814,0.31304,2.5848,-0.49017,-1.6966
0.90709,0.74611,4.2884,0.31264,2.5894,-0.49101,-1.699
0.90809,0.74584,4.2955,0.31223,2.594,-0.49185,-1.7015
0.90909,0.74558,4.3026,0.31183,2.5986,-0.49269,-1.704
0.91009,0.74531,4.3097,0.31143,2.6032,-0.49353,-1.7065
0.91109,0.74505,4.3168,0.31103,2.6078,-0.49437,-1.709
0.91209,0.74478,4.3239,0.31063,2.6124,-0.49522,-1.7115
0.91309,0.74452,4.331,0.31023,2.6171,-0.49606,-1.7139
0.91409,0.74425,4.3381,0.30983,2.6217,-0.49691,-1.7164
0.91508,0.74399,4.3453,0.30943,2.6264,-0.49776,-1.7189
0.91608,0.74372,4.3525,0.30903,2.631,-0.49861,-1.7215
0.91708,0.74346,4.3596,0.30863,2.6357,-0.49946,-1.724
0.91808,0.74319,4.3668,0.30824,2.6404,-0.50031,-1.7265
0.91908,0.74293,4.374,0.30784,2.645,-0.50116,-1.729
0.92008,0.74266,4.3812,0.30744,2.6497,-0.50202,-1.7315
0.92108,0.7424,4.3885,0.30705,2.6544,-0.50287,-1.734
0.92208,0.74213,4.3957,0.30665,2.6591,-0.50373,-1.7366
0.92308,0.74187,4.403,0.30626,2.6639,-0.50459,-1.7391
0.92408,0.7416,4.4102,0.30586,2.6686,-0.50545,-1.7416
0.92507,0.74134,4.4175,0.30547,2.6733,-0.50631,-1.7442
0.92607,0.74108,4.4248,0.30507,2.6781,-0.50718,-1.7467
0.92707,0.74081,4.4321,0.30468,2.6828,-0.50804,-1.7492
0.92807,0.74055,4.4394,0.30429,2.6876,-0.50891,-1.7518
0.92907,0.74028,4.4467,0.3039,2.6924,-0.50977,-1.7543
0.93007,0.74002,4.454,0.3035,2.6972,-0.51064,-1.7569
0.93107,0.73975,4.4614,0.30311,2.7019,-0.51151,-1.7595
0.93207,0.73949,4.4688,0.30272,2.7068,-0.51238,-1.762
0.93307,0.73923,4.4761,0.30233,2.7116,-0.51326,-1.7646
0.93407,0.73896,4.4835,0.30194,2.7164,-0.51413,-1.7671
0.93506,0.7387,4.4909,0.30155,2.7212,-0.51501,-1.7697
0.93606,0.73843,4.4983,0.30116,2.726,-0.51588,-1.7723
0.93706,0.73817,4.5058,0.30078,2.7309,-0.51676,-1.7749
0.93806,0.73791,4.5132,0.30039,2.7358,-0.51764,-1.7774
0.93906,0.73764,4.5207,0.3,2.7406,-0.51852,-1.78
0.94006,0.73738,4.5281,0.29962,2.7455,-0.51941,-1.7826
0.94106,0.73712,4.5356,0.29923,2.7504,-0.52029,-1.7852
0.94206,0.73685,4.5431,0.29884,2.7553,-0.52117,-1.7878
0.94306,0.73659,4.5506,0.29846,2.7602,-0.52206,-1.7904
0.94406,0.73632,4.5581,0.29807,2.7651,-0.52295,-1.793
0.94505,0.73606,4.5656,0.29769,2.77,-0.52384,-1.7956
0.94605,0.7358,4.5732,0.29731,2.7749,-0.52473,-1.7982
0.94705,0.73553,4.5807,0.29692,2.7799,-0.52562,-1.8008
0.94805,0.73527,4.5883,0.29654,2.7848,-0.52652,-1.8035
0.94905,0.73501,4.5959,0.29616,2.7898,-0.52741,-1.8061
0.95005,0.73474,4.6035,0.29577,2.7948,-0.52831,-1.8087
0.95105,0.73448,4.6111,0.29539,2.7997,-0.52921,-1.8113
0.95205,0.73422,4.6187,0.29501,2.8047,-0.53011,-1.814
0.95305,0.73395,4.6263,0.29463,2.8097,-0.53101,-1.8166
0.95405,0.73369,4.634,0.29425,2.8147,-0.53191,-1.8192
0.95504,0.73343,4.6416,0.29387,2.8197,-0.53282,-1.8219
0.95604,0.73316,4.6493,0.29349,2.8248,-0.53372,-1.8245
0.95704,0.7329,4.657,0.29311,2.8298,-0.53463,-1.8272
0.95804,0.73264,4.6647,0.29274,2.8349,-0.53554,-1.8298
0.95904,0.73237,4.6724,0.29236,2.8399,-0.53645,-1.8325
0.96004,0.73211,4.6801,0.29198,2.845,-0.53736,-1.8351
0.96104,0.73185,4.6878,0.2916,2.85,-0.53827,-1.8378
0.96204,0.73158,4.6956,0.29123,2.8551,-0.53918,-1.8405
0.96304,0.73132,4.7034,0.29085,2.8602,-0.5401,-1.8431
0.96404,0.73106,4.7111,0.29048,2.8653,-0.54102,-1.8458
0.96503,0.7308,4.7189,0.2901,2.8704,-0.54194,-1.8485
0.96603,0.73053,4.7267,0.28973,2.8756,-0.54285,-1.8512
0.96703,0.73027,4.7345,0.28935,2.8807,-0.54378,-1.8539
0.96803,0.73001,4.7424,0.28898,2.8858,-0.5447,-1.8566
0.96903,0.72975,4.7502,0.28861,2.891,-0.54562,-1.8592
0.97003,0.72948,4.7581,0.28824,2.8961,-0.54655,-1.8619
0.97103,0.72922,4.7659,0.28786,2.9013,-0.54748,-1.8646
0.97203,0.72896,4.7738,0.28749,2.9065,-0.54841,-1.8673
0.97303,0.7287,4.7817,0.28712,2.9117,-0.54934,-1.8701
0.97403,0.72843,4.7896,0.28675,2.9169,-0.55027,-1.8728
0.97502,0.72817,4.7976,0.28638,2.9221,-0.5512,-1.8755
0.97602,0.72791,4.8055,0.28601,2.9273,-0.55213,-1.8782
0.97702,0.72765,4.8134,0.28564,2.9325,-0.55307,-1.8809
0.97802,0.72738,4.8214,0.28527,2.9378,-0.55401,-1.8836
0.97902,0.72712,4.8294,0.2849,2.943,-0.55495,-1.8864
0.98002,0.72686,4.8374,0.28454,2.9483,-0.55589,-1.8891
0.98102,0.7266,4.8454,0.28417,2.9535,-0.55683,-1.8918
0.98202,0.72633,4.8534,0.2838,2.9588,-0.55777,-1.8946
0.98302,0.72607,4.8614,0.28343,2.9641,-0.55872,-1.8973
0.98402,0.72581,4.8695,0.28307,2.9694,-0.55966,-1.9001
0.98501,0.72555,4.8775,0.2827,2.9747,-0.56061,-1.9028
0.98601,0.72529,4.8856,0.28234,2.98,-0.56156,-1.9056
0.98701,0.72502,4.8937,0.28197,2.9854,-0.56251,-1.9083
0.98801,0.72476,4.9018,0.28161,2.9907,-0.56346,-1.9111
0.98901,0.7245,4.9099,0.28125,2.996,-0.56442,-1.9139
0.99001,0.72424,4.918,0.28088,3.0014,-0.56537,-1.9166
0.99101,0.72398,4.9262,0.28052,3.0068,-0.56633,-1.9194
0.99201,0.72372,4.9343,0.28016,3.0121,-0.56729,-1.9222
0.99301,0.72345,4.9425,0.27979,3.0175,-0.56825,-1.925
0.99401,0.72319,4.9507,0.27943,3.0229,-0.56921,-1.9277
0.995,0.72293,4.9589,0.27907,3.0283,-0.57017,-1.9305
0.996,0.72267,4.9671,0.27871,3.0338,-0.57114,-1.9333
0.997,0.72241,4.9753,0.27835,3.0392,-0.5721,-1.9361
0.998,0.72215,4.9835,0.27799,3.0446,-0.57307,-1.9389
0.999,0.72188,4.9918,0.27763,3.0501,-0.57404,-1.9417
1,0.72162,5.0001,0.27727,3.0555,-0.57501,-1.9445
